<?xml version='1.0' encoding='UTF-8'?>
<?artifactRepository version='1.1.0'?>
<repository name='file:/Users/vijay.polsani/_muleworkspace/googlemaps-connector/target/update-site/ - artifacts' type='org.eclipse.equinox.p2.artifact.repository.simpleRepository' version='1'>
  <properties size='2'>
    <property name='p2.timestamp' value='1393572402198'/>
    <property name='p2.compressed' value='false'/>
  </properties>
  <mappings size='3'>
    <rule filter='(&amp; (classifier=osgi.bundle))' output='${repoUrl}/plugins/${id}_${version}.jar'/>
    <rule filter='(&amp; (classifier=binary))' output='${repoUrl}/binary/${id}_${version}'/>
    <rule filter='(&amp; (classifier=org.eclipse.update.feature))' output='${repoUrl}/features/${id}_${version}.jar'/>
  </mappings>
  <artifacts size='2'>
    <artifact classifier='org.eclipse.update.feature' id='org.mule.tooling.ui.extension.googlemaps-connector' version='1.0.0.201402272326'>
      <properties size='4'>
        <property name='artifact.size' value='3951'/>
        <property name='download.size' value='3951'/>
        <property name='download.md5' value='4140d9f51d676ded30f976495bf938d0'/>
        <property name='download.contentType' value='application/zip'/>
      </properties>
    </artifact>
    <artifact classifier='osgi.bundle' id='org.mule.tooling.ui.contribution.googlemaps' version='1.0.0.201402272326'>
      <properties size='3'>
        <property name='artifact.size' value='149095'/>
        <property name='download.size' value='149095'/>
        <property name='download.md5' value='ea198bab583e6ff24fa29472896c2dc1'/>
      </properties>
    </artifact>
  </artifacts>
</repository>
